INSERT INTO `Product` (`id`,`brandId`, `name`, `model`, `baseCost`, `measuringUnitId`, `isActive`, `isKit`) VALUES (4090,15, 'Cre8tion** Disposable Mini Buffer Orange White Grit 80/100 1,500 pcs./case', '6072', 0, 2, 1, 0);
INSERT INTO `Product` (`id`,`brandId`, `name`, `model`, `baseCost`, `measuringUnitId`, `isActive`, `isKit`) VALUES (4091,15, 'Cre8tion** Disposable Slim Buffer Orange White Grit 80/100 1,000 pcs./case', '6075', 0, 2, 1, 0);
INSERT INTO `Product` (`id`,`brandId`, `name`, `model`, `baseCost`, `measuringUnitId`, `isActive`, `isKit`) VALUES (4092,15, 'Cre8tion Buffer 3-Way Orange Foam,(White Grit 80/100, 500 pcs.)', '6029', 0, 2, 1, 0);
INSERT INTO `Product` (`id`,`brandId`, `name`, `model`, `baseCost`, `measuringUnitId`, `isActive`, `isKit`) VALUES (4093,10, 'ENS Disposable Pedicure Kit C: 1 Slim Buffer, 1 Blue Pumice Sponge, 1 Mini Zebra Nail File, 1 Wood Pusher (200 kits/case, 72 cases/pallet)', '19342', 0, 2, 1, 0);
INSERT INTO `Product` (`id`,`brandId`, `name`, `model`, `baseCost`, `measuringUnitId`, `isActive`, `isKit`) VALUES (4094,10, 'ENS Disposable Pedicure Kit B: 1 Pumice Sponge, 1 Mini White Nail File, 1 Slim Buffer, 1 Wood Pusher and 1 pair of Toe Separators (200 kits/case, 63 cases/pallet)', '19341', 0, 2, 1, 0);
INSERT INTO `Product` (`id`,`brandId`, `name`, `model`, `baseCost`, `measuringUnitId`, `isActive`, `isKit`) VALUES (4095,15, 'Cre8tion Disposable Mini Pumice Sponge 400 pcs. DARK BLUE 4 boxes/case - 125 master cases', '28003', 0, 2, 1, 0);
INSERT INTO `Product` (`id`,`brandId`, `name`, `model`, `baseCost`, `measuringUnitId`, `isActive`, `isKit`) VALUES (4096,15, 'Cre8tion Disposable Mini Nail File WOOD Center Zebra Grit 80/80 100 pks/case - 30 cases', '7045', 3.95, 1, 1, 0);
INSERT INTO `Product` (`id`,`brandId`, `name`, `model`, `baseCost`, `measuringUnitId`, `isActive`, `isKit`) VALUES (4097,15, 'Cre8tion Disposable Mini Nail File WOOD Center Zebra Grit 80/100 100 pks/case - 30 cases', '7046', 3.95, 1, 1, 0);
INSERT INTO `Product` (`id`,`brandId`, `name`, `model`, `baseCost`, `measuringUnitId`, `isActive`, `isKit`) VALUES (4098,15, 'Cre8tion Disposable Mini Nail File WOOD Center Zebra Grit 100/100 100 pks/case - 30 cases', '7047', 3.95, 1, 1, 0);
INSERT INTO `Product` (`id`,`brandId`, `name`, `model`, `baseCost`, `measuringUnitId`, `isActive`, `isKit`) VALUES (4099,15, 'Cre8tion Nail File REGULAR White Sand Grit 80/80 30 pks/case - USA Standard - 10 cases', '7009', 14.95, 1, 1, 0);
INSERT INTO `Product` (`id`,`brandId`, `name`, `model`, `baseCost`, `measuringUnitId`, `isActive`, `isKit`) VALUES (4100,15, 'Cre8tion Nail File REGULAR White Sand Grit 100/100 30 pks/case - USA Standard - 10 cases', '7011', 14.95, 1, 1, 0);
INSERT INTO `Product` (`id`,`brandId`, `name`, `model`, `baseCost`, `measuringUnitId`, `isActive`, `isKit`) VALUES (4101,15, 'Cre8tion Nail File JUMBO White Sand Grit 80/80 30 pks/case - USA Standard - 10 cases', '7014', 19.99, 1, 1, 0);
INSERT INTO `Product` (`id`,`brandId`, `name`, `model`, `baseCost`, `measuringUnitId`, `isActive`, `isKit`) VALUES (4102,15, 'Cre8tion Nail File JUMBO White Sand Grit 100/100 30 pks/case- USA Standard - 10 cases', '7016', 19.99, 1, 1, 0);
INSERT INTO `Product` (`id`,`brandId`, `name`, `model`, `baseCost`, `measuringUnitId`, `isActive`, `isKit`) VALUES (4103,15, 'Cre8tion Nail File HARBOR BRIDGE White Sand Grit 80/80 30 packs/case - USA Standard - 10 cases', '7074', 18.95, 1, 1, 0);
INSERT INTO `Product` (`id`,`brandId`, `name`, `model`, `baseCost`, `measuringUnitId`, `isActive`, `isKit`) VALUES (4104,15, 'Cre8tion Nail File Regular Zebra Grit 80/80 30 pks/case - USA Standard - 20 cases', '7023', 14.95, 1, 1, 0);
INSERT INTO `Product` (`id`,`brandId`, `name`, `model`, `baseCost`, `measuringUnitId`, `isActive`, `isKit`) VALUES (4105,15, 'Cre8tion Nail File REGULAR Zebra Grit 80/100 30 pks/case - USA Standard*** - 10 cases', '7024', 14.95, 1, 1, 0);
INSERT INTO `Product` (`id`,`brandId`, `name`, `model`, `baseCost`, `measuringUnitId`, `isActive`, `isKit`) VALUES (4106,15, 'Cre8tion Nail File Regular Zebra Grit 100/100 30 pks/case - USA Standard- 10 cases', '7025', 14.95, 1, 1, 0);
INSERT INTO `Product` (`id`,`brandId`, `name`, `model`, `baseCost`, `measuringUnitId`, `isActive`, `isKit`) VALUES (4107,15, 'Cre8tion Nail File JUMBO Zebra Grit 80/80 30 pks/case - USA Standard - 10 cases', '7028', 19.99, 1, 1, 0);
INSERT INTO `Product` (`id`,`brandId`, `name`, `model`, `baseCost`, `measuringUnitId`, `isActive`, `isKit`) VALUES (4108,15, 'Cre8tion Nail File JUMBO Zebra Grit 80/100 30 pks/case - USA Standard - 10 cases***', '7029', 19.99, 1, 1, 0);
INSERT INTO `Product` (`id`,`brandId`, `name`, `model`, `baseCost`, `measuringUnitId`, `isActive`, `isKit`) VALUES (4109,15, 'Cre8tion Nail File JUMBO Zebra Grit 100/100 30 pks/case - USA Standard - 10 cases', '7030', 19.99, 1, 1, 0);
INSERT INTO `Product` (`id`,`brandId`, `name`, `model`, `baseCost`, `measuringUnitId`, `isActive`, `isKit`) VALUES (4110,15, 'Cre8tion HARBOR BRIDGE Nail Files Zebra Grit 80/80 30 packs/case - USA Standard- 10 cases', '7070', 18.95, 1, 1, 0);


INSERT INTO `ProductSupplier` (`productId`, `priceCost`, `supplierId`) VALUES (4090,25, 15);
INSERT INTO `ProductSupplier` (`productId`, `priceCost`, `supplierId`) VALUES (4091,31, 15);
INSERT INTO `ProductSupplier` (`productId`, `priceCost`, `supplierId`) VALUES (4092,65, 15);
INSERT INTO `ProductSupplier` (`productId`, `priceCost`, `supplierId`) VALUES (4093,27, 15);
INSERT INTO `ProductSupplier` (`productId`, `priceCost`, `supplierId`) VALUES (4094,28.5, 15);
INSERT INTO `ProductSupplier` (`productId`, `priceCost`, `supplierId`) VALUES (4095,68, 15);
INSERT INTO `ProductSupplier` (`productId`, `priceCost`, `supplierId`) VALUES (4096,0.85, 15);
INSERT INTO `ProductSupplier` (`productId`, `priceCost`, `supplierId`) VALUES (4097,0.85, 15);
INSERT INTO `ProductSupplier` (`productId`, `priceCost`, `supplierId`) VALUES (4098,0.85, 15);
INSERT INTO `ProductSupplier` (`productId`, `priceCost`, `supplierId`) VALUES (4099,6.375, 15);
INSERT INTO `ProductSupplier` (`productId`, `priceCost`, `supplierId`) VALUES (4100,6.375, 15);
INSERT INTO `ProductSupplier` (`productId`, `priceCost`, `supplierId`) VALUES (4101,8.925, 15);
INSERT INTO `ProductSupplier` (`productId`, `priceCost`, `supplierId`) VALUES (4102,8.925, 15);
INSERT INTO `ProductSupplier` (`productId`, `priceCost`, `supplierId`) VALUES (4103,8.925, 15);
INSERT INTO `ProductSupplier` (`productId`, `priceCost`, `supplierId`) VALUES (4104,6.375, 15);
INSERT INTO `ProductSupplier` (`productId`, `priceCost`, `supplierId`) VALUES (4105,6.375, 15);
INSERT INTO `ProductSupplier` (`productId`, `priceCost`, `supplierId`) VALUES (4106,6.375, 15);
INSERT INTO `ProductSupplier` (`productId`, `priceCost`, `supplierId`) VALUES (4107,8.925, 15);
INSERT INTO `ProductSupplier` (`productId`, `priceCost`, `supplierId`) VALUES (4108,8.925, 15);
INSERT INTO `ProductSupplier` (`productId`, `priceCost`, `supplierId`) VALUES (4109,8.925, 15);
INSERT INTO `ProductSupplier` (`productId`, `priceCost`, `supplierId`) VALUES (4110,8.925, 15);


INSERT INTO `ProductTag` (`productId`, `tagId`) VALUES (4090,26);
INSERT INTO `ProductTag` (`productId`, `tagId`) VALUES (4091,26);
INSERT INTO `ProductTag` (`productId`, `tagId`) VALUES (4092,26);
INSERT INTO `ProductTag` (`productId`, `tagId`) VALUES (4093,16);
INSERT INTO `ProductTag` (`productId`, `tagId`) VALUES (4094,16);
INSERT INTO `ProductTag` (`productId`, `tagId`) VALUES (4095,16);
INSERT INTO `ProductTag` (`productId`, `tagId`) VALUES (4096,27);
INSERT INTO `ProductTag` (`productId`, `tagId`) VALUES (4097,27);
INSERT INTO `ProductTag` (`productId`, `tagId`) VALUES (4098,27);
INSERT INTO `ProductTag` (`productId`, `tagId`) VALUES (4099,27);
INSERT INTO `ProductTag` (`productId`, `tagId`) VALUES (4100,27);
INSERT INTO `ProductTag` (`productId`, `tagId`) VALUES (4101,27);
INSERT INTO `ProductTag` (`productId`, `tagId`) VALUES (4102,27);
INSERT INTO `ProductTag` (`productId`, `tagId`) VALUES (4103,27);
INSERT INTO `ProductTag` (`productId`, `tagId`) VALUES (4104,27);
INSERT INTO `ProductTag` (`productId`, `tagId`) VALUES (4105,27);
INSERT INTO `ProductTag` (`productId`, `tagId`) VALUES (4106,27);
INSERT INTO `ProductTag` (`productId`, `tagId`) VALUES (4107,27);
INSERT INTO `ProductTag` (`productId`, `tagId`) VALUES (4108,27);
INSERT INTO `ProductTag` (`productId`, `tagId`) VALUES (4109,27);
INSERT INTO `ProductTag` (`productId`, `tagId`) VALUES (4110,27);

INSERT INTO `Inventory` (`productId`, `quantity`, `minQuantity`,`maxQuantity`,`storeId`) VALUES (4090,0,0,500,1);
INSERT INTO `Inventory` (`productId`, `quantity`, `minQuantity`,`maxQuantity`,`storeId`) VALUES (4091,0,0,500,1);
INSERT INTO `Inventory` (`productId`, `quantity`, `minQuantity`,`maxQuantity`,`storeId`) VALUES (4092,0,0,300,1);
INSERT INTO `Inventory` (`productId`, `quantity`, `minQuantity`,`maxQuantity`,`storeId`) VALUES (4093,0,0,200,1);
INSERT INTO `Inventory` (`productId`, `quantity`, `minQuantity`,`maxQuantity`,`storeId`) VALUES (4094,0,0,200,1);
INSERT INTO `Inventory` (`productId`, `quantity`, `minQuantity`,`maxQuantity`,`storeId`) VALUES (4095,0,0,500,1);
INSERT INTO `Inventory` (`productId`, `quantity`, `minQuantity`,`maxQuantity`,`storeId`) VALUES (4096,0,0,3000,1);
INSERT INTO `Inventory` (`productId`, `quantity`, `minQuantity`,`maxQuantity`,`storeId`) VALUES (4097,0,0,3000,1);
INSERT INTO `Inventory` (`productId`, `quantity`, `minQuantity`,`maxQuantity`,`storeId`) VALUES (4098,0,0,3000,1);
INSERT INTO `Inventory` (`productId`, `quantity`, `minQuantity`,`maxQuantity`,`storeId`) VALUES (4099,0,0,300,1);
INSERT INTO `Inventory` (`productId`, `quantity`, `minQuantity`,`maxQuantity`,`storeId`) VALUES (4100,0,0,300,1);
INSERT INTO `Inventory` (`productId`, `quantity`, `minQuantity`,`maxQuantity`,`storeId`) VALUES (4101,0,0,300,1);
INSERT INTO `Inventory` (`productId`, `quantity`, `minQuantity`,`maxQuantity`,`storeId`) VALUES (4102,0,0,300,1);
INSERT INTO `Inventory` (`productId`, `quantity`, `minQuantity`,`maxQuantity`,`storeId`) VALUES (4103,0,0,300,1);
INSERT INTO `Inventory` (`productId`, `quantity`, `minQuantity`,`maxQuantity`,`storeId`) VALUES (4104,0,0,600,1);
INSERT INTO `Inventory` (`productId`, `quantity`, `minQuantity`,`maxQuantity`,`storeId`) VALUES (4105,0,0,300,1);
INSERT INTO `Inventory` (`productId`, `quantity`, `minQuantity`,`maxQuantity`,`storeId`) VALUES (4106,0,0,300,1);
INSERT INTO `Inventory` (`productId`, `quantity`, `minQuantity`,`maxQuantity`,`storeId`) VALUES (4107,0,0,300,1);
INSERT INTO `Inventory` (`productId`, `quantity`, `minQuantity`,`maxQuantity`,`storeId`) VALUES (4108,0,0,300,1);
INSERT INTO `Inventory` (`productId`, `quantity`, `minQuantity`,`maxQuantity`,`storeId`) VALUES (4109,0,0,300,1);
INSERT INTO `Inventory` (`productId`, `quantity`, `minQuantity`,`maxQuantity`,`storeId`) VALUES (4110,0,0,300,1);